alpha,beta,t_zero,num_layers,num_params,mac
9.592908882383744,2.9383007575572067,2,5,12.613725,195.207642
2.6064911508890525,1.2913334149868176,4,2,0.287877,14.03841
3.4176271159703924,0.6359940410330502,7,9,20.814445,61.452514
1.3841506403933703,1.9355881732550466,8,9,19.215549,30.264762
9.212375587740881,1.3213892102460387,2,1,1.863973,110.390602
6.062277528628816,2.306373745966253,8,4,18.413461,213.793642
5.71086684851522,1.6913580209901986,5,7,33.257405,151.662074
7.262177697290661,4.723370820873891,1,1,4.587637,137.730538
9.336083050546858,4.480341091272634,1,1,6.714309,210.519498
4.412218437621243,2.0223297636701703,3,7,11.862245,60.496202
2.1343516494848216,0.8320861084178612,4,8,3.264733,13.27717
1.373473383350512,0.9123067313406801,10,2,0.163885,6.350314
2.557198115314112,3.337678907861755,1,3,0.122701,7.467946
3.3808942986529584,4.040766101038214,10,9,594.434757,716.471178
3.2772431899211654,2.678307694081859,1,2,0.201989,12.128234
7.838512025250476,2.3942233669109783,1,1,1.711301,85.130378
6.796556260868085,3.3612941658428754,9,9,1428.572149,1821.520762
2.984083236784667,1.8974409909958991,3,7,5.088565,27.648226
9.235997681267213,1.982535051029245,2,10,140.543437,281.874802
3.042514640593989,0.9820691473961971,3,5,0.628205,15.537818
4.1730949677350955,1.4317241927802509,8,2,2.397157,71.775802
3.6579123459153915,1.9347576058792568,3,2,0.636109,27.319546
0.30203401593824164,4.539041307314006,9,9,4.846893,6.297066
8.657703784961823,3.5293666988066397,4,6,96.526957,437.404618
1.7686330465486135,3.4059561027039638,1,8,1.990069,6.282778
3.2478968991380968,2.6137868886423887,10,2,5.959205,89.817962
0.5632159246085346,3.640680873843725,1,6,0.069789,0.82761
9.804498553237787,3.1327372635516446,10,6,501.427421,1449.450746
1.98787053743543,1.8051857173744013,10,4,2.077965,25.883658
1.4095008559311009,4.532275372697348,4,3,0.323765,7.860362
6.595566325558005,2.010035466022315,8,6,73.310357,340.896314
0.8450083162282653,0.5104746809313722,10,7,0.520213,4.855762
7.502121376351764,2.482076333750904,3,10,223.932421,370.193866
0.19470621983623895,4.3738479244927815,8,8,1.381125,2.577114
8.06747423908696,2.6812970454800324,9,6,213.856485,734.86233
8.046831615729728,3.2802798942017493,8,3,21.572997,394.725642
9.312762058021715,1.1525241544712512,4,2,2.871813,152.20065
8.241916663319756,2.638813039508835,10,1,93.370549,893.982778
2.189603697988878,4.990342036218872,10,1,30.838341,160.250394
1.6654523411682234,1.2075414689174246,1,5,0.069909,2.485626
8.498574295587336,4.391129601080507,4,2,19.070629,362.089978
7.730860825984161,3.519198482950906,4,9,485.966685,728.668098
1.8467238766787268,2.505573586197032,4,8,10.535125,24.135442
2.4872367713354495,2.2099065246561094,1,10,4.788085,11.111122
9.279785831969761,2.365831065696601,3,10,320.871877,536.222242
5.17162282644441,4.424802433774902,10,7,401.799029,760.81133
2.174076612268987,3.0367916425873,1,9,3.959605,10.307026
4.674766688721598,1.1792055396990666,4,2,0.751157,39.241706
9.79311100047144,1.9523688164706248,8,5,61.033069,563.046682
3.7839088974231867,2.029192933428215,1,1,0.292637,16.224698
5.385138576374405,2.1921359721360716,8,10,469.788037,639.89509
9.808182812261773,1.542277290298982,7,10,729.066549,1155.519498
1.5603712173583149,1.461954457896401,6,3,0.205477,7.951546
0.8178998232480353,2.1714980197744183,3,2,0.060109,2.376442
0.533226060926365,1.0317257696624964,10,6,0.256901,2.493674
9.930530121212032,0.5181712789328163,6,8,70.737541,353.331442
8.677912055746772,3.9836661375542692,2,8,158.460277,345.377866
5.0314007415335675,2.174044547984293,7,7,61.991845,206.396962
5.915535229832275,3.345128599614135,2,7,23.293037,107.223746
3.9525576337153745,2.5206922711107067,10,7,89.051029,230.265106
3.7303784439699843,2.5460134217802444,4,10,91.193461,137.14321
0.9659813746804651,4.241548204725559,10,4,2.142501,13.552314
4.4969769049271555,0.6163053572651596,8,1,0.289949,26.61353
2.9997535960960917,1.4690091739251323,9,5,4.692805,51.332794
7.171443330830169,1.2238811545033534,5,10,168.803349,330.078258
0.4850025078369823,2.2683155158166413,1,8,0.108989,0.621674
6.4353276924646305,1.5939554520736705,6,7,50.824909,222.714202
1.0130715917421447,1.878332031449468,3,6,0.342061,2.986522
7.701465043472637,0.8454087847743901,5,9,90.637421,252.568226
3.024910886494592,3.7031692862926575,5,7,29.534805,83.33109
4.613246623338805,4.318755950297281,3,1,9.715733,145.721834
0.2740039404341255,2.395685427580298,1,6,0.012525,0.230154
1.2071559715855336,3.770493333201737,8,8,28.702269,42.954738
3.6510109246004308,4.826588252356208,10,4,35.969069,193.765466
7.1864472128507435,0.7508797506511029,10,10,261.191773,529.895218
3.743946855527786,0.5272970665523842,7,5,1.573429,38.08489
0.5992938367960056,1.9678103816311134,7,6,0.517117,3.098746
6.571249126965834,0.562848005541118,2,7,4.087485,54.863154
8.837070846511105,4.014582280843649,6,8,1032.789149,1579.049474
3.0080452136503006,2.765987754953388,8,6,25.520549,93.36137
8.29123633425333,1.6244219769332557,8,6,82.840989,452.193738
9.293360387870843,3.837794751246687,2,5,16.825629,219.511146
9.626682320748166,1.663283651250331,8,7,192.305909,714.790106
9.39270180159388,4.009775315316915,4,5,52.486573,442.645642
3.1130731925978994,3.2761371474013017,3,3,0.639789,22.861722
8.382625696158714,4.862925487763356,9,5,237.185709,1020.21465
4.539156030418644,4.995731622448288,2,7,24.188765,89.723402
9.643740664055727,3.791286368666875,10,1,288.064517,1897.73945
2.5125350786133858,4.749048429567518,2,4,1.063349,18.91481
0.15620837963902306,2.0979962297534573,4,2,0.011805,0.37641
2.735534804234966,2.4820389090069237,5,7,13.231333,46.60537
6.4346595750189834,3.3669996639761295,4,10,409.611605,567.332522
5.7819597548371915,0.8586177270304123,6,6,10.925397,111.25809
0.3707574920112471,4.537778449378541,9,5,0.370517,1.884026
0.8461358168708396,1.5497048336200576,5,5,0.184293,3.20505
9.331006460008192,2.8928412569514785,7,10,1758.530757,2276.990538
6.30588841626899,0.9306973450295888,5,3,1.386613,74.892826
2.303827948766682,4.071911885235865,9,9,229.726381,283.942402
2.818728881174088,2.2484209651241,2,5,0.783557,13.866506
9.561411248957006,1.199203537596504,9,2,10.630701,342.872922
6.898982354963605,2.720910168167892,3,7,43.392989,187.37969
6.2200106646248035,3.1265417485011935,2,5,5.660317,85.955962
6.834595488159217,1.1130212583508332,3,4,2.129581,76.357162
8.615071737149755,2.9013253060000648,6,7,221.631965,663.60485
0.2884904817713031,2.107955222417177,10,8,1.070365,2.13469
8.547215261211116,3.275530085613155,9,8,1402.525877,2060.297882
9.303835985979573,1.0571924128356265,1,3,0.548901,55.885386
3.1314563239702378,4.762802789463757,2,9,41.657349,67.59705
0.8347746408282145,3.4480546712778093,4,1,0.481909,7.382554
6.292545725805308,3.3809662214576557,4,9,301.390389,462.562386
4.533059033188838,2.188720452992999,2,9,28.919701,66.282898
9.697073384547336,2.4223979207880273,7,8,694.119357,1238.524698
0.1922173795176706,0.5327890179714689,4,3,0.004029,0.24393
5.329358207928331,4.093011378835169,2,1,5.666293,120.469834
3.5625531311580847,3.5572938609149087,2,4,1.349917,28.891978
5.3794773494182815,2.7453823137944426,3,2,2.261509,75.510922
4.871858257155893,4.051468667927956,9,10,1339.641485,1562.587562
4.02477581652409,2.9547738090605224,9,6,62.382149,202.474826
2.888716512316876,1.3807992023579605,3,4,0.487773,15.745962
5.2514371459004465,3.9310395675614433,1,7,8.858869,50.970154
3.353874596528256,2.393833191265875,10,8,149.935573,241.827202
0.3900917844241233,1.7259666191478737,2,5,0.025085,0.707114
3.1929042290213157,3.086575686658901,4,9,67.690325,108.532274
3.9482799690950774,4.448244833369528,8,1,46.065077,313.32545
2.1682577780022374,0.7031370119771332,9,2,0.284061,14.178042
4.770209481979751,2.193656414901813,5,8,81.554933,172.71509
6.120017516734116,2.547422210016994,2,10,85.174173,152.752938
5.744433290344365,4.869394153803287,7,2,28.666021,326.103802
4.162712418709023,2.4356923531044625,2,9,28.061165,59.263034
6.868814019010549,0.8760045813510527,8,7,41.041549,243.944146
6.881068356375744,1.8224194980661779,4,9,141.793269,283.498818
0.4780948067866382,3.1334800742216657,1,10,0.268069,0.799186
5.774241170519562,2.5470488116156034,6,10,422.650933,582.40333
0.32051108374332415,2.8973852200080397,7,10,2.323549,3.170938
1.2731450727687499,2.8241789116952347,7,4,1.016189,11.491754
7.6743018297366055,2.573148486412007,9,2,25.300517,415.741466
2.7032232800368026,1.5872305654572014,2,2,0.156037,9.345034
6.791292385506245,3.9410949709253877,8,8,988.058373,1396.39845
0.32304114121636157,4.810113465809097,10,5,0.483485,2.244314
5.138969435399282,4.752387435226911,3,5,13.060181,114.458138
8.553976731689502,4.541786588713739,1,4,4.043797,106.193434
5.594682621314903,3.1179501102042435,2,4,2.851365,64.331802
5.36072986727048,1.8011649257232827,6,6,25.095909,148.861578
7.573511218907567,3.8027911689070204,9,5,126.549893,665.295866
5.2805175606307095,1.5299962762819663,10,10,379.710677,558.17813
2.0907051286234704,1.0272882323376347,1,9,1.115021,4.953194
6.173740152043605,0.6574919649082787,2,4,0.677437,38.349898
3.7866844098904187,4.5645467328902,3,6,17.213669,76.737482
7.507112023980609,3.4876851630561423,1,9,56.035877,128.015306
3.92540210293829,4.039570644401214,3,9,96.521149,151.363186
0.19675806643623622,2.347082559715538,3,10,0.194941,0.564586
7.794054436566427,3.2881465315098226,10,6,346.362005,968.12681
1.593983128700646,4.100871851842038,2,8,5.648301,12.979554
7.181559264905243,1.0950292300401925,8,3,4.203125,162.33521
6.785943545964537,3.3779219660536755,1,1,2.142229,83.327242
5.323920808521058,4.396565815526147,4,9,331.875237,466.373586
7.531015043475734,2.9449592956368047,8,10,1494.795565,1887.995914
6.542726052951653,4.048033226122642,7,6,183.977389,555.663514
4.913518769433574,4.071708527697018,2,6,12.750253,78.095818
1.9425838912648195,2.457467770463863,9,5,4.416221,32.895818
3.976497608679425,2.449505895497098,8,9,230.451813,334.29897
5.390075329059883,2.150284537031627,8,1,15.682525,226.88497
8.156000944311192,4.258815721215257,1,10,113.561141,200.77901
6.650930955614669,3.5216264297114948,6,1,44.747749,476.586442
5.6302251974978885,1.158937284966687,5,7,19.915197,118.853802
3.7402387610735124,2.485624552330316,2,10,31.023133,55.966474
8.73286231927308,0.706130855442922,6,1,1.138821,99.702762
4.48218033812284,3.1945239409755883,10,9,693.588925,875.65429
1.5673075843981459,4.914397343415235,6,9,72.587509,92.318122
0.9693788963503538,1.0227409539536874,5,4,0.091765,2.62873
0.7250194258247359,2.774675244722635,9,4,0.399957,3.935466
6.327215366114169,1.8060006731777531,1,8,11.919109,51.66877
2.1735075265789128,1.8095422854854784,8,5,2.790429,29.914746
1.4671170321110278,4.270416894418385,5,5,2.163789,14.388714
5.076892169580225,1.4608235376915248,7,1,4.233085,107.66041
2.597379248784764,4.730064095368105,2,10,36.869397,54.921618
2.496238408495329,3.9911316885050496,2,8,13.330333,28.51753
6.807728909678835,3.4164122131111028,4,6,56.875397,259.696202
7.133969011420274,3.192376594222129,2,8,77.962317,188.468634
9.769914948214492,3.7683078858132415,5,9,1259.374917,1757.531922
4.425854600968156,1.4886863236208947,6,8,52.972597,130.55437
5.722308777769457,4.0751970362470455,3,5,12.553253,125.145818
2.672870322359732,2.5268595120214754,8,4,4.238637,46.198314
9.981155806365981,4.513679534730152,3,1,48.303005,693.470858
3.8230438375452804,0.5129473758420504,1,1,0.035797,6.265882
9.419846103027744,2.3696657484768116,10,2,38.902877,634.637738
4.736505493331649,3.319583882905707,10,4,30.078949,219.963754
5.7612729765949,1.9250709399549963,10,6,76.281197,316.000202
3.172972325172894,1.9975727480017829,9,8,83.570565,155.398434
8.27382219690398,4.116679595134401,10,3,50.167029,646.344378
0.4463918117841905,2.3223889300367353,10,8,2.705941,5.725714
1.1009915823318337,4.235598759147804,4,1,0.742749,9.741114
9.435194042851526,3.7884519337803537,6,4,61.928581,576.458266
9.357597838354836,3.7655903623276945,6,4,59.648717,565.805546
1.4333368851960753,4.998058833889502,8,1,6.666437,42.581066
7.983631223553197,2.385705185161677,8,8,579.855653,1000.486466
0.1439034489831722,4.624894336590499,5,8,0.367653,0.907914
0.3740191972871908,4.452785761292878,5,9,2.438709,3.271842
4.081920272799805,4.374614917987984,4,4,7.022677,79.336714
7.3877117617346295,1.2471223054555345,10,4,16.156157,265.242314
9.528672658066117,4.704992980248072,10,8,4052.658389,5206.441466
7.627165162445458,4.907785810155346,6,6,266.409245,767.424314
8.078563845748505,3.509496557215945,7,10,1822.648029,2248.936482
6.23963498602458,3.3140462836234827,3,2,4.294189,123.483514
7.194545281958014,1.060623731879043,8,5,14.670069,219.644682
9.954119015760492,1.4252253267016424,1,9,34.702949,123.722954
2.0602877471560643,1.2725539388908447,7,10,24.411389,42.132002
9.076772359917705,2.4923680942144104,9,2,32.819293,554.87161
5.198346234277179,3.046463844036589,8,10,754.984333,947.738362
7.236390603138249,2.1246145512960446,8,3,9.489733,240.496426
1.0685470601602718,0.8950897363015423,6,1,0.040069,2.16649
6.645883486166058,4.79096056661312,1,10,88.713373,151.965754
4.1049439329359885,0.9135473603425878,7,1,0.731589,36.945738
8.95385324480971,3.008356081836142,8,2,37.614565,587.375578
9.485500489632397,3.2634945193086633,5,4,35.445309,423.874554
3.952001661147748,1.906725369571074,6,2,2.085189,59.703882
8.628362457255847,3.9682727019894393,5,5,64.501269,476.417322
3.640127608054163,0.5291448413626394,6,9,15.595949,55.611026
4.889695421338245,3.460549258828574,7,8,321.305093,498.577706
0.45227616214479915,4.799290624683175,10,7,3.388237,8.259466
3.252409334143382,2.68506821522177,5,9,80.894509,129.329194
7.867848381687612,2.7398185627362284,5,10,645.499197,910.791258
2.0679950650848307,1.9729130103161494,1,9,2.209813,6.558154
5.6256657197945525,1.3540894168890598,7,4,6.092109,118.569018
9.190412598053769,2.1301894686031595,9,2,26.559061,516.282634
3.50661537715534,3.781933366079177,4,10,147.113125,200.206162
4.038280274303807,2.973902211749562,7,3,3.751077,81.503562
1.11378704491222,2.6237965489720945,10,4,1.208189,10.040042
6.080256835140138,3.9422954107953316,9,3,20.139781,291.653482
4.579779382808652,3.854892323863497,4,7,50.187237,154.493898
8.83648315004499,3.414410084284331,9,7,617.124661,1389.45757
6.941740384387562,2.3978082454453995,3,2,3.147165,115.632666
0.22946003169682147,4.9804367062041885,6,10,2.535245,3.425618
2.432854983264607,4.4687740922835495,7,8,123.599269,174.620386
9.052046211112872,3.896706839179789,10,3,53.354725,718.680922
4.717694307042328,0.776450194654516,9,8,45.890317,146.473138
9.247968198003917,1.3821083744533178,8,10,689.093941,1110.429634
7.497048523952685,2.0474804683708783,10,4,34.504973,371.28713
7.023820505971614,4.84742372460946,5,2,23.657837,349.83113
3.980941746821608,4.535121616875252,9,8,549.301701,728.572602
8.864165612146705,2.716708108250893,9,6,263.249949,912.998202
7.493032337708178,3.3057086300661904,2,6,21.990277,150.269962
1.6215315662792458,1.230840271920155,10,2,0.403005,12.270618
1.6503958271998587,3.000059496063722,9,6,11.183277,36.568602
1.2656793218558688,1.491555386314071,8,5,0.794069,9.432458
1.9386364658097082,1.1988569495117396,6,4,0.524237,12.512138
8.809622298719715,2.8908730876305397,5,2,14.528485,332.123242
8.582831651126146,4.6459297265390695,10,4,181.574029,1011.847162
6.747527534536479,1.7245482514041641,8,1,14.257829,267.915722
2.872050331909205,4.563307225070013,6,2,5.391405,73.851546
1.7294315637827231,3.924012935919678,7,9,78.726205,100.759138
2.8483527732322576,1.0339728356275213,8,4,1.421101,32.400106
2.9717521077150124,0.9388561526719428,3,7,2.239661,19.154594
7.632912905957942,1.7088190906200298,4,8,103.202965,274.72957
6.193238243253847,3.3384225896349893,4,1,17.326085,266.01737
3.111513802181163,2.533523449517058,7,7,30.134901,90.472698
4.332485020958765,0.5220674831589347,4,6,2.173805,37.237274
6.190438915212074,1.3519629424171318,8,3,3.965581,135.724282
9.279509961573805,3.9772725735119314,1,6,16.307629,143.749306
4.940677222397959,1.9595925713696134,5,7,30.287989,129.006922
8.95091120147363,3.2965332180246407,8,3,27.513269,500.49449
0.4958952509020774,0.5728642332863407,1,10,0.061493,0.443546
3.4396874042572896,1.713350018166536,3,7,5.829997,33.300418
0.5870981899386177,1.2270113421831277,7,1,0.053069,1.78241
8.985317747483657,1.2142461740411947,6,10,346.377005,637.23653
6.671621904264932,4.87814067165312,10,7,795.003565,1419.43117
5.268359546752247,1.7251064496479995,4,9,76.578637,158.204458
2.4800721542175883,4.250043131974598,10,5,20.242181,87.382106
1.9194700849058752,1.9159250807908619,9,6,7.260853,34.057498
1.6781029470145583,3.4997149629316167,6,3,0.656277,14.396922
4.2055784505441665,4.527861728028731,8,7,181.449573,374.485362
9.436092602989358,2.1966330768625983,1,9,50.188221,141.135786
1.896423227237261,0.5776713293427711,10,1,0.075885,6.373962
2.8725920228143007,2.0786391101337776,6,2,1.362549,36.068538
4.3332061369885375,1.5601152624746366,6,4,3.418957,65.567866
9.789870626339486,1.3888304096566542,9,7,182.860645,722.239786
8.200161729354644,2.1562200690082896,7,10,847.557813,1199.166402
4.263977638785755,2.8454069487222156,7,7,68.640845,195.773498
8.066069703973195,3.6478597777327137,10,2,63.640821,703.727562
4.217573690638682,0.7195842292407129,5,2,0.447357,29.525658
3.647068700323222,2.4606107050147674,2,3,0.381637,20.017114
7.7275508987967125,1.3110381229786316,8,7,87.792029,381.743858
7.288284577964883,3.271281400590328,8,4,48.397149,419.842122
3.6884934547266472,3.510131446701741,4,6,17.195853,78.849786
5.195671635701127,0.8296599823450195,10,1,1.540645,75.77473
1.9992526695334698,0.6251969547202815,9,6,1.692613,18.16993
9.586486123129456,2.4102956167873915,7,10,1379.205453,1884.870306
5.821501261175351,1.786237458866062,5,3,2.207805,84.388698
2.2934290190704405,1.0680993792594546,7,3,0.355933,14.98777
7.823852237299239,2.259636442059545,8,5,48.100749,395.937018
4.264069155718871,2.4797504855593364,3,5,3.629733,51.519354
9.926487768210412,4.151912865473335,8,6,560.992717,1544.31049
4.947976976904328,2.5910274256936625,3,7,20.761597,93.510418
0.7697858671203895,4.695037696113105,9,1,4.074645,25.160346
9.714204244130924,4.128973092769735,1,10,153.873205,276.279274
5.11820738903149,4.4141083498510625,5,4,17.140749,159.868266
7.8804282440489875,4.9940289599784835,6,2,45.099701,564.017738
4.504745318135885,2.131051352690034,2,4,1.140973,33.990586
1.1851768651532326,3.2472323530011065,7,10,33.540333,44.045514
7.760250698576793,1.0591582818864302,1,10,21.049829,70.883138
3.2875181445585584,2.672218882125908,7,9,144.894405,211.071282
4.757494233857624,4.432928912195015,6,10,713.994381,863.06829
6.598831625116334,3.8211721201843267,10,5,120.993869,582.90113
6.326674436276048,2.4204125240874426,8,10,763.869533,1012.990106
2.6141239887996623,0.5019202969969621,8,2,0.204453,13.713546
6.834179466228913,4.016431649473654,5,10,905.211965,1154.798858
0.45658337892955425,1.4081439640319229,3,4,0.024973,0.849658
8.197994296808771,0.9597536511668202,6,7,42.877917,271.280154
1.1724515111471059,4.87851871508703,2,4,0.255405,4.87785
1.8071076988410897,1.233761812572519,8,9,16.533717,31.592754
2.6671938474446244,3.8637391334403977,3,8,27.307397,53.061122
3.620985300876953,0.5278420110277653,3,9,6.352189,28.440082
7.218057700979391,1.8237958341090081,1,6,3.949581,56.110938
6.093417112289786,2.219910459459926,8,10,613.234693,832.602106
8.808085099997237,4.0504988767402565,5,5,68.942173,494.33329
5.192267767443035,4.1823945660195205,9,5,70.903957,350.118058
9.834432662113453,1.565233983454239,8,9,695.967205,1207.481314
0.35622470881943324,2.6158659273839566,6,7,0.316653,1.099986
0.814991692305806,3.5918412376707853,6,6,1.931621,8.135642
9.492258101512238,1.0801805125536066,1,7,6.965565,81.36909
4.666829110899633,0.9992837974223376,2,3,0.270181,21.116458
8.463806705333436,1.432820208334229,10,4,25.868125,375.087946
7.0278548784765045,3.252544503029228,8,8,757.572189,1145.736402
2.0683355279043685,1.7860403665872704,10,1,2.121461,32.693354
5.319161535579726,1.2167797733240326,5,2,1.391429,63.086858
6.3232806690660786,3.8096080843607996,8,2,28.872645,366.654426
7.883827387663816,3.514892030491118,9,6,327.443013,943.625178
8.528667009675747,1.8557157035571508,10,10,1333.991213,1833.769538
6.169684069061541,2.660658610431246,4,3,3.238357,109.89673
1.2286880152691395,2.326306631808107,4,5,0.415685,5.82689
6.083680189836968,4.081850739713668,10,9,1959.510469,2357.151178
4.076272939580656,0.5681616914699685,8,4,1.413117,45.552042
7.334417635541969,2.0733872212362927,6,5,23.383141,250.141834
7.416347275329283,4.287081259620078,4,2,14.129573,273.901994
8.819961595914119,3.561085271428742,6,3,17.585821,373.18369
0.8251759852934745,2.517574103920822,9,7,3.456381,10.74885
6.550866169179135,3.3299319682884305,10,5,91.962941,500.913386
4.257133001110327,2.6760215609095708,3,6,9.768549,64.75617
8.123771164563255,1.4971497641872609,10,4,25.403325,355.844922
7.068497209358529,2.0808016199205066,7,8,289.617125,555.12449
8.038008876426396,2.082443393404458,8,10,965.708245,1335.067498
6.211363642660164,1.1652840857137732,8,3,3.379685,125.059034
2.0850421240024457,4.456945716191145,2,8,10.981629,22.969218
7.649811903363712,1.7925724353015775,1,10,35.305637,91.298402
1.2751927369106058,4.877100901526612,1,6,0.423573,3.659322
7.125542873410098,0.6803432044104684,6,5,5.904261,131.020602
7.400873196870346,1.682633439221967,9,5,33.508085,326.856458
0.7102606462680684,4.914597372241769,2,2,0.054269,1.596362
3.575236528804557,0.6711057666133067,10,6,6.676381,65.869738
1.9218315124782819,3.3988201721287523,6,1,3.765653,42.606314
6.486010167261485,1.6773087662657857,6,3,3.345301,119.189914
6.4704528350090245,1.8760570406778863,4,5,8.573861,121.601402
3.6701267780043683,3.616559045907774,9,8,307.441413,436.617906
1.412724649199818,3.644736204212517,5,5,1.385661,11.261898
0.39685029330832644,1.2764083904395007,6,6,0.132157,1.64953
2.106892776240013,4.091161302365959,7,4,4.729045,36.29593
6.587907938286973,1.8111490510544455,4,10,172.051109,299.281058
7.962231508032467,2.18936419255885,9,3,14.438325,328.033866
2.236154895540419,1.5952042967489732,8,2,0.845045,23.24297
8.682959223723188,0.5917251859512478,8,10,207.343189,502.255762
5.644241344197464,1.078672247597184,10,1,4.118213,127.910906
4.976875772931941,2.8045716970096435,8,6,72.172245,259.99257
8.850960180167565,1.0870542094689244,4,2,2.447573,135.337754
9.234086305311143,2.333736617997053,8,3,17.607605,414.84929
3.5907936310993622,2.956453316780516,2,10,35.889501,62.308578
0.8274211564074958,0.5330597128610242,3,4,0.025965,1.319178
2.3851646107181814,1.210143146224287,5,9,13.667557,31.212922
0.8525169007063128,1.1822373373356976,1,3,0.008933,0.737882
6.158895725880339,4.943362278891451,4,4,20.095141,200.851834
3.8993289516924237,4.265123774104076,2,4,2.096005,39.303034
0.5172425757187417,1.6516444599709548,8,5,0.159949,2.253322
3.2807932682756094,3.993073974236715,10,2,13.258037,136.287146
4.838239547810349,2.9901080600482,9,10,778.852893,966.58533
4.247350590051332,3.4795526135440715,5,7,53.197949,156.382034
1.0437261787086334,3.9390489152225516,7,9,28.544997,36.939738
2.152009913189385,2.705298928412141,6,10,65.461533,87.864066
4.388914714883729,4.1130369719727415,3,5,7.495093,74.240122
0.7539689683464571,4.599259823476205,2,6,0.417293,3.06401
8.517022118434017,1.6468821212955287,6,2,7.546549,242.977066
5.424086504430559,2.2610327509056827,1,1,0.709741,36.996778
5.69174329332417,2.7048506290261694,8,8,362.947053,590.933586
2.9277977005307156,4.3100777462146445,1,6,1.850773,16.122538
1.7389293749819135,3.9857544392594075,4,5,1.717741,14.847514
3.60927318110097,4.951211761160136,5,8,180.580005,270.649866
2.363024332245111,3.1667390872324988,9,7,38.129909,89.89601
7.627035063754887,3.7362917175403574,6,2,24.356013,392.485434
1.218849789424013,3.2205693315531567,10,10,67.670997,82.818618
6.894925937835833,3.444364855371682,9,8,994.229845,1436.625034
9.409953821248164,4.578485859361006,2,3,5.189389,189.509866
1.643077892227916,3.2518816385459317,10,6,15.515661,45.269466
8.383417113296124,2.5182408358334145,3,3,3.423709,142.515418
9.246999144186303,2.4097354168825365,1,7,15.158077,112.584706
9.70535943127622,2.4556024948319877,2,3,2.558277,134.42361
8.271955170216165,4.849179295310406,10,9,4966.067613,5799.322482
8.751024109574068,3.5595009342606283,3,3,5.785205,195.747626
8.267172301473453,1.7262057760660219,2,5,4.993341,107.04297
4.5055824870466195,4.182404721925405,10,8,730.234013,974.915858
3.3760822300073046,3.2244549383570735,4,2,1.818709,44.527402
5.382623048052052,0.6456073675508005,10,2,1.505301,75.213642
7.672633176266277,3.8474858299254033,1,8,43.612229,124.467842
8.796820313783268,2.9639399174234127,3,5,19.087861,233.195146
0.24250834527989662,4.848897547931344,3,10,0.736173,1.212066
9.364090534332954,1.170527137017526,3,9,97.816237,267.052234
2.1387112770293575,3.369359567399526,5,5,3.105941,24.870986
5.7549389295806295,2.6497048775661067,1,3,0.429613,29.860762
6.436908713573086,3.827195857824344,4,9,382.400285,559.984178
7.305438629086509,1.6663071833691687,7,1,12.596277,272.026986
6.830810230974936,4.6461015273776205,7,9,1616.020245,1996.100754
0.8427476800075311,3.258475488454214,1,3,0.020013,1.131642
9.854006615296852,3.229258400349697,5,3,14.883861,384.17073
3.7844862042409226,4.133088532925198,9,7,155.724645,313.738506
0.27610379513327254,4.948982387049766,5,5,0.146821,1.08217
1.2029786776208953,3.717061173053688,5,9,18.884917,27.493834
3.532924673171211,2.941260468313255,10,10,490.681429,600.63697
7.818191552094621,3.463953422389316,2,1,8.486053,207.935386
4.482044104079282,1.078009433576122,10,1,2.413253,75.596858
2.7828420526252944,1.8835228568304097,8,9,74.554581,117.598506
5.955228393725489,1.8081648253307139,6,10,265.220845,414.520546
5.236433619060649,2.455797998649018,10,9,600.078277,822.462754
3.7174369341250064,0.6149925227554704,1,8,1.412621,11.831378
8.310558933385911,3.818108012085739,5,7,237.754133,653.93885
0.3784159233739026,4.8314070162370095,6,2,0.315285,4.249386
2.6012175801421322,2.3724234611977524,8,6,15.005741,63.210938
6.998053356672106,4.993861027630774,2,6,35.367517,186.996538
6.570223478847237,2.728050400451844,8,4,28.579229,294.308186
2.3072296645594452,2.9244456917738533,1,8,2.819245,9.707914
1.2481469148913966,1.4886922858195204,6,2,0.162661,5.705674
8.989228768667253,4.7050955657837354,5,8,1021.451605,1544.725186
6.566602142373797,2.5954338800092915,1,1,1.364581,64.208842
1.2229341361506711,1.0649615423135905,9,6,1.249637,9.692186
0.14903664335115685,1.7472547032889794,1,6,0.005853,0.128826
9.889674519104489,4.338396935866729,8,6,601.378445,1607.193146
0.8080937752012066,3.9796127020139567,1,3,0.023117,1.265018
6.382088803966498,1.897088737392182,9,2,9.990781,216.627514
4.195769755232322,1.75287580268962,5,5,4.637917,64.54681
1.0495017858074682,1.543502619445044,10,7,3.101893,10.549474
2.73919969839484,2.439815155317283,3,6,3.509021,23.930138
5.455671944017102,4.772678660395623,8,6,215.271685,538.705018
4.195783366997824,2.479023731398306,8,9,263.680917,381.497826
2.206295422667439,1.1448860540033092,9,8,17.027981,44.446682
2.8185129259238026,3.286659206620913,9,10,314.866525,377.771194
0.63702677814032,1.7505087851441126,6,7,0.647317,2.882026
3.2948068437617932,3.877629757093875,6,1,13.861381,135.621994
6.274046018569103,1.3425940090533393,8,4,9.278149,166.644538
5.905549147792347,1.2652905263930982,9,4,8.998877,159.749306
2.932544320129658,2.857229113892195,2,7,4.664805,24.468474
2.3370152992283004,1.4341203292919613,2,8,2.970877,11.645866
7.845562986675495,4.005482922938508,6,7,311.271973,772.697314
7.899988940034548,4.421765836299802,6,5,86.722029,532.06257
4.57349990733103,1.356535069173777,9,1,4.576741,108.05713
4.792634912678986,4.492480964066526,7,10,984.068469,1159.591866
1.8651735083780365,2.153800623040924,3,10,11.552589,20.781666
8.291200923501417,3.535914402416171,7,2,34.159037,513.231578
5.2376333273448195,3.592179247460296,4,2,5.497301,123.456458
5.5278897066260475,1.1272598161906333,2,4,0.845685,36.699402
7.346812440782799,0.666483282573552,6,9,80.783325,245.34393
7.896584676279653,1.4867312554722867,3,6,15.073565,147.821882
4.126759429781273,2.6238669320939993,8,8,181.856901,298.878282
1.226631823999795,4.459279904509934,6,4,1.363701,13.067706
2.2453162687670742,0.742844375042383,5,3,0.158445,9.52761
3.986012337881944,1.0580462327971187,10,7,25.121797,115.687402
3.473251953836117,1.3990293239388603,1,3,0.092629,8.298538
7.675108151370092,0.9625956378819942,5,4,4.473365,133.434554
5.115612666380925,0.9142557598035881,4,10,44.101677,103.81197
7.070208423895943,1.4201511762479344,1,1,0.556213,41.650042
2.7892503987227797,2.107069490610549,1,4,0.184701,7.288122
9.867279922715655,2.970146143305947,2,2,4.875541,194.625898
6.883816309980172,1.8025864928959587,6,5,16.873445,204.088058
4.9190487062547374,4.935934984034427,4,5,20.999485,152.920474
7.76168353823822,3.4233113238965958,4,10,613.515317,845.104754
9.720734787892656,2.7693826645701356,7,10,1772.571821,2318.413274
6.140601216877697,4.717280222589114,4,4,18.527893,192.841402
0.22368141509189376,3.6785702480686115,7,6,0.302821,1.335754
7.84053576190653,3.806661305262966,10,3,40.564709,556.513034
8.665554146006324,4.846402506503939,5,1,106.855861,962.475946
4.986820955378257,3.951186376771829,9,4,38.569221,263.20473
3.4080976886127017,3.364822682874505,4,3,1.265397,36.960042
8.801870912631607,2.604964565571473,1,8,35.207781,122.053026
8.984902784279475,1.959045221608066,7,1,28.148365,499.54393
9.72129642463491,2.139415147124547,6,2,14.577269,376.308218
3.159659900696676,4.782066785349067,10,9,707.742997,824.14933
3.4849147165043717,2.810386097698725,7,6,28.117917,106.134474
4.659022846998613,1.0554724828501505,5,7,12.102093,77.12817
4.840357717605865,0.5385593535077555,1,9,3.290293,21.716626
8.532106334738424,1.2305317592007858,9,5,29.688581,372.074378
9.521460401820868,3.290289900758728,5,6,150.801581,638.622842
7.897178439567682,1.13772801837387,10,9,405.473757,765.117378
8.451724485598817,3.4753539815921357,2,4,7.321141,150.668074
4.270645532043188,3.0975233069222874,4,6,19.187749,97.417738
1.1974186139023564,2.8864957655572385,3,4,0.228717,4.836762
4.336590607187668,1.0176750008561224,1,2,0.117869,12.217562
8.545341119323416,3.6259147364424757,1,7,21.145317,125.131602
0.41068813022250905,2.3593615285036376,5,3,0.048949,1.586986
4.43997219321135,2.0781289547185726,6,4,5.363533,80.557642
7.155152580857398,1.6177586980604395,6,8,156.621237,363.322914
0.34129926807202215,4.230880826459299,7,2,0.086781,1.289562
1.820109222972061,1.2931441889003938,5,10,11.910317,21.851282
1.51762495061733,2.0968357575785883,5,1,0.649933,13.92457
0.8765052482636282,1.2851619473922224,4,2,0.044549,2.073434
0.8267925971688089,4.784460404886494,6,2,0.664741,9.077338
5.986775025460619,0.6776483141880003,6,7,15.655957,123.247474
0.9972752911548446,4.40875635677746,9,2,1.216701,12.995514
6.411693534465058,4.321253675227685,3,1,17.815213,266.911354
6.110822983356097,3.278102450251279,6,7,135.414957,372.640746
8.184192841859382,4.577421405984376,2,1,17.064757,327.336634
7.991338968142757,2.3982850008863252,5,7,106.362389,389.928674
0.9694875736029698,1.7654773200309084,9,10,13.320197,19.845602
5.225831904633402,1.8996382048118146,4,3,1.500285,63.020778
5.2418187037674615,2.5047904484288543,9,1,27.807077,308.631818
2.762831436506277,0.9547355073136121,7,6,3.630365,31.52969
8.318195491028185,1.2881119191525112,2,3,1.016525,72.84137
4.266128884902891,1.531084036073087,1,9,6.888637,24.525226
2.2371016045868233,1.594728329778366,7,9,30.213805,54.870466
1.0988222356703234,0.6434474526384119,3,4,0.040741,1.63009
2.57788092450629,2.832115605932565,10,1,11.362757,102.26177
9.764771830948652,2.5676400243628734,3,1,14.284365,348.73353
9.928205768426816,1.5071549661544474,5,7,85.410237,428.25237
8.698697715977751,0.8717339803331168,5,9,119.860685,327.907442
6.923902503849789,1.60024288644379,6,1,8.040213,203.38713
8.468474539221374,3.8586121762444785,8,6,360.186477,1023.914394
7.780877205284584,3.375041768416863,10,5,134.387149,700.940314
3.356997174533833,4.604903112713754,1,5,1.058237,17.91137
1.4970489274365215,0.6582260886483684,3,8,0.868037,4.370258
3.9828298357892673,4.13576743181786,6,8,223.223125,336.95617
5.971694461407414,2.774964248499789,4,7,52.195461,194.62173
0.5632603577767761,3.381115258061804,1,6,0.065725,0.793498
3.833070453462146,2.0232881154588926,4,10,68.246285,111.303842
0.9583829079222276,4.765171381155613,5,9,18.529613,25.142426
2.6020154858491478,4.879297321447561,4,1,6.834917,74.435978
6.955371173822886,3.6399480183751995,3,7,66.515557,242.589706
4.748241199162061,4.863310158796496,1,1,1.945077,57.900906
0.40356714829795803,2.3984047523049363,10,6,0.723469,3.957466
6.595277741411964,1.758503446595741,3,10,108.194277,206.442834
8.187547911736878,2.552677126730665,8,8,681.538965,1146.046986
3.2263375201973696,2.3373481068299755,1,9,6.344613,17.854482
6.598153965558862,1.844295400407554,6,7,65.814773,265.944122
3.0416902752600414,0.5278372680350747,5,10,11.981637,35.535546
0.8719976797986286,0.7793479767634657,3,6,0.095133,1.748538
7.895872350807438,2.086015380387886,10,7,263.980485,758.746746
1.6821043490710352,2.652207722133883,2,4,0.211053,5.32761
2.9785335336583465,1.695030083688216,3,6,2.600069,23.294138
7.979393389578331,3.90376313899886,8,8,1351.096941,1921.95021
0.9269419378648622,1.5241473277615858,5,4,0.146413,3.23209
3.6927236412974946,2.6823981764097984,4,7,18.711293,71.505242
6.208969518181355,2.872978134795558,4,7,59.513541,217.942218
7.094987492686149,4.794370299618309,4,5,40.882749,297.971418
6.669683126713649,4.515169891898089,6,2,26.075125,356.671498
7.11727498382238,3.8430844488473443,8,5,94.000005,514.659354
9.891771726072719,1.410172214582253,9,5,47.444645,535.136042
4.547424129506965,3.123427658570842,8,10,600.671421,751.29021
9.307759303341307,3.5396986028936586,9,6,462.775941,1319.170218
6.79816943665605,2.384432588965229,5,1,13.692949,250.909834
8.632110859764804,1.4986658590685604,5,2,4.969157,191.913962
5.907488301873369,2.082596345895365,4,9,126.835373,237.184178
1.4598137659216748,4.8218611709338814,1,3,0.051477,2.645898
3.1996735672113426,2.8975709111934416,2,1,1.140901,32.94961
2.105760558833683,0.7858689377370527,1,6,0.156173,3.695642
2.062131448700317,2.3292140674733997,1,3,0.053141,3.765866
4.244049123734769,2.0132620687029537,5,3,1.492877,52.901594
2.871569463166692,2.806919466037913,2,3,0.304053,14.490042
8.396591653828521,2.842067239409659,8,2,29.127549,477.824346
4.2745732974853485,4.333150460090155,2,9,67.435485,114.372018
6.9841262365784536,1.9985364526227247,5,3,3.817501,136.620826
8.23654821033831,0.9690747630254185,4,8,57.347213,218.232194
8.554389580763958,1.7344183802836959,7,7,129.886861,503.362306
7.013840086242776,2.6537639772121095,4,10,337.408629,504.138786
4.4578327394001285,2.0298431104471812,3,8,29.128957,77.22553
5.5721562146319155,4.170499577174498,7,1,62.370621,496.709466
4.241944834561216,0.8595716517705294,4,1,0.341813,24.746234
7.684455147635997,3.750677985211145,9,10,2895.208213,3411.09469
8.090061823697255,3.400425336348994,4,3,7.227341,209.663786
4.243086739718411,4.261840139455483,3,2,3.023725,72.644314
6.553721551708178,4.192466676422059,10,2,57.571517,561.811754
8.479345674995574,0.8768501835922752,6,4,6.315701,178.924202
8.194839508321724,2.0050541234055093,8,3,11.388165,298.213626
4.193784653878352,2.6549686476582637,1,2,0.330741,20.027514
9.497131805010408,0.569407448987318,5,3,2.029093,134.933578
9.03127335602234,1.0443934605514356,3,6,12.842805,158.86569
9.84941037399436,1.4080508516558665,6,2,7.805477,285.789482
9.335821422816679,1.42039182153117,10,6,124.389077,657.709802
2.938266400733277,2.3586346641016025,2,9,13.544981,30.14921
1.5892920885942345,3.0204868156254743,3,3,0.183997,6.866842
3.7889801868808193,1.1131562760670626,4,4,0.944493,28.065834
4.838954345765499,3.302945810448169,2,7,15.434013,72.907122
3.907749152511216,4.628520167079479,5,10,378.143093,467.15081
0.912178581787676,3.642886283712713,4,2,0.208501,4.761754
6.66787965099271,3.81342565028337,4,7,104.724445,320.89537
7.963899867408372,0.6846621451030349,3,7,11.472981,117.13749
1.3630109911017665,4.008024623630224,1,4,0.090261,2.634378
2.047216311982933,3.6210527194017232,1,7,1.258813,7.272898
1.6902680221184727,4.024013715614688,2,2,0.224597,7.440122
8.481621185177383,1.2809245078950342,4,3,2.383317,124.23801
7.571259745757777,0.5908348787917317,6,7,21.695109,187.800978
3.6522896704955756,4.150383629042807,7,4,14.389093,113.78425
1.5327711409976914,2.569305990028261,5,1,1.025957,17.683514
6.8146842835362635,2.4988840711673186,3,6,22.544229,149.894634
4.331051985050967,4.5463127046860885,8,8,521.459717,709.120298
2.045690662905611,1.558842447721163,2,10,5.225613,11.756538
9.43555140548077,2.5969311020157986,5,2,14.021565,350.187306
3.172484229876113,1.0281306499930416,1,4,0.130597,7.983322
6.760035238966236,4.4713784778683685,3,6,53.444101,241.193722
2.82968607088622,1.8947120911498057,5,4,1.390317,24.993786
7.789558586794148,4.956761590280698,6,5,103.732997,567.302906
0.37562523910465107,2.6633397353488695,5,5,0.142733,1.902506
0.4878749240308422,2.4701128839763005,1,5,0.018469,0.520138
3.3370063932132883,4.718329012626016,2,7,12.166205,46.024178
2.917491643293254,1.7880140684754697,10,8,71.252021,134.68565
2.285942756133902,0.7791484831220574,1,7,0.316429,4.881058
4.949731147877375,2.2535902706861286,5,10,189.773029,286.134034
4.408723586519301,3.640343114462848,7,3,5.949181,111.547162
0.7673482335392835,4.534617442083618,10,3,0.878725,10.862554
1.5675879012382405,2.3921645158689744,7,5,1.653549,16.063002
5.8916741067580825,4.575852417438343,9,8,1207.797197,1601.251778
3.4739746683147024,3.6125321939220076,3,7,16.780853,59.613218
6.38904455322195,4.527425976526385,8,9,1718.371589,2094.324746
6.460310636084533,3.067362463522136,10,4,50.137149,383.441898
3.7665137220873635,1.6892003374714086,4,1,1.353381,41.858778
7.369721544817103,0.6334185233216267,4,9,44.672613,158.63973
4.044588761835796,4.208740232967855,3,3,1.584773,48.004298
6.896451399510362,2.923165049405865,2,6,15.736829,119.121194
9.906863645073908,2.7633816834525113,3,6,54.656957,345.960218
7.088173960940793,1.2812985033430873,4,1,2.520325,107.433274
8.896201143850096,4.666267894088868,3,10,824.062389,1107.169482
5.623180497070471,1.4416615118857794,1,10,15.148885,44.276194
9.952445377695451,4.5303190928616335,7,4,123.602125,899.492746
0.6448557147273332,1.7969630043167952,5,9,1.719725,3.568586
1.0639371464267382,1.9554495968308774,3,6,0.399685,3.126346
4.383606133369991,4.781588522217063,2,7,21.597069,79.32837
9.740673671629988,4.76773065331007,2,8,263.238781,525.053242
7.869612693981075,3.5843486650427567,10,10,3418.772805,4010.530386
0.42278801619339035,0.9051062361205195,5,4,0.031885,1.073146
1.2853530059442884,1.255578762455348,2,1,0.040837,2.415178
9.33032479672594,1.2134482532813156,9,3,9.171301,308.886346
2.0883752127059103,3.915436923292877,1,8,3.361357,9.685714
8.698842463446121,2.720498012449179,7,9,1044.018229,1493.167162
3.8074854981970314,1.4598442861608079,10,8,87.105117,177.258066
5.411531618204629,2.8260575791567826,6,8,214.127645,373.228178
3.1821343223504797,0.978346070262334,4,6,2.254845,26.897322
8.081289837735522,0.8867716185030564,1,3,0.361333,39.062602
1.1766375412692902,0.9165874162244558,10,8,4.251117,13.382178
8.521557067987883,1.4227455581083135,3,7,28.385053,185.895874
3.739562131749253,0.5250978201274685,2,2,0.088493,9.984506
7.204053455824414,2.061091212803471,2,1,2.829765,109.527594
9.241879962700683,4.344547315262021,9,7,1023.785381,2016.163946
2.899713310125352,3.609075426892361,5,8,68.422757,115.832138
1.19834107965708,4.239923906349768,7,3,0.737517,12.442602
2.1938324762324104,2.609991144818602,7,3,1.054077,25.458042
4.691688386582948,3.491567342312945,10,8,574.239629,799.747562
2.7705838078097895,0.7997831668248778,2,9,3.387229,13.308898
1.54086011028506,3.6852425629973173,1,10,3.375781,6.72505
8.549798041053707,2.180567960284063,2,2,2.360773,116.05873
5.083416985525854,1.1178506181567123,4,9,40.614397,104.023858
4.845415053445152,1.0449885588427965,8,2,1.921493,74.975066
5.291369190979998,3.676690121254394,9,5,60.164885,320.347466
8.96406633023006,4.027964908546128,10,7,1030.052293,2012.737354
7.487240894063806,3.3926665046604785,3,4,10.171989,165.84345
1.3793017369760263,2.5926049939062676,2,2,0.082581,3.45537
6.161773111342044,4.833289954994303,10,2,61.445493,530.812458
4.465572008476883,1.5100406832188422,3,10,40.943253,82.281906
0.7622440780364061,3.4251387688617148,9,1,2.020221,16.976442
4.760723568532144,2.6786033162252174,6,5,14.661533,126.623978
7.243928095147474,3.0216260799562344,6,8,429.036869,732.45857
9.910672763778122,0.6679596537572807,3,7,17.162333,178.378394
6.902784931872271,1.3755629809481689,9,5,22.325077,258.330586
4.923155318055932,2.4369833779116323,2,2,0.939349,42.880474
2.4922167089154645,0.877981222146783,2,3,0.064325,5.38025
1.0572588076413116,3.1320773557514356,4,1,0.401253,6.836442
1.9797485968037305,4.167337706790112,8,5,8.559853,45.51073
9.99845403971364,0.6971375338426782,10,7,92.953837,570.825586
4.162677340686201,2.7885341100125802,9,3,5.218549,99.641866
4.646443826978733,1.2882219248309057,1,4,0.317605,17.037418
0.5039548589725128,4.127521272401011,9,2,0.470357,5.485226
1.1995642166638336,2.9693652106395265,1,10,1.593437,3.608234
0.5433087434563953,1.4199006887116399,9,3,0.063893,1.980074
6.7456161422508325,3.2927715169898577,2,7,29.650845,135.099858
6.06963043406517,1.405459851125946,3,10,69.483541,143.80909
3.645194636189529,1.2991289030577264,8,1,2.085541,56.879962
9.943472438286253,1.7692927807642014,7,1,27.118405,542.99665
7.875577893016884,2.4319924513852804,9,5,66.706157,496.477994
5.35435233642402,0.7335143333583601,7,8,37.899533,139.76945
1.466211961787332,4.334958818170481,5,9,36.305173,48.629386
4.766703388023743,1.943057726876651,1,8,7.296069,30.405498
9.491353526988412,2.6693162111038555,7,8,781.590101,1328.569034
7.438312343327274,4.740923345316808,10,6,601.217965,1348.605754
4.227666530229321,0.7161513110118473,7,8,22.916925,88.54233
9.782649871844027,3.6863020086213925,7,8,1436.189477,2150.166602
4.067625840387129,1.091325788869396,9,3,1.530917,54.643274
9.496296234770403,3.91445784156896,3,7,139.061541,475.023042
3.957765864026294,2.7735359328790317,9,7,86.607621,222.159474
8.224106349294507,0.9212530179586293,8,2,4.354613,188.252474
3.4729922356402905,0.6281020218788138,5,7,3.864941,33.037898
5.628579699592103,4.010395873033821,8,6,171.737421,482.439642
7.142483620439586,1.818371678329745,9,4,21.818685,279.974154
3.2031556719416088,3.1237275784489698,5,8,64.920389,117.841898
8.788614136566235,2.9328500578349086,6,6,144.912981,590.751066
2.406936784824368,3.402774330745923,10,6,34.617837,94.695306
2.9867733845329694,4.312458434084498,2,2,0.794621,24.75785
6.81523359720763,4.496947123872033,10,9,2942.732253,3467.792034
5.373912112748752,2.40234487523389,1,6,2.927837,35.02625
2.8979350592765405,1.2460303381514557,8,6,6.958509,48.227466
6.692064966846256,1.338588064244182,4,8,56.837677,174.092002
1.487771587927234,2.3414363388588377,5,6,2.206765,11.238346
4.492765558442634,3.848590707791489,2,2,1.391957,46.55897
8.324171677002164,4.67866982252828,7,6,382.036429,1042.984474
0.7252360247286976,2.1275329694830987,7,5,0.279341,2.807018
3.0864408592805614,3.5971539860008743,7,2,4.627061,69.738554
9.949734300500689,2.324381797750572,2,3,2.568213,139.137642
6.757966748846036,1.5688702074987906,10,7,124.665429,429.390306
0.8034993925679055,0.689427387977164,5,8,0.531821,3.046322
4.128024111329717,1.3740963574515836,4,8,22.553621,67.329218
2.90747546462114,2.4859367676565434,10,4,7.141965,69.720426
1.191582189394305,2.715428396092647,8,4,1.000517,11.713658
5.0951062735343555,4.132078077757477,10,2,31.655541,315.175386
7.444827838116323,4.767193160234535,8,9,2571.696821,3098.971082
2.511915499994303,2.5637372355036576,7,9,78.627805,118.267162
9.618996428318951,1.857850128657214,8,3,13.825925,381.80921
7.652989422610058,2.5474488701033176,1,6,6.425053,73.983898
4.211788078169946,4.101669156118774,10,3,13.531541,175.443194
8.337876398196686,2.5842035050112218,7,8,570.185629,990.812602
4.086986934592658,2.3381717322444677,6,3,2.063109,59.56833
7.695059991798185,1.5011079631590314,9,2,9.787133,259.776122
4.335328954607427,3.0953417391278495,5,1,10.295157,144.591354
8.562814269873478,0.7978703839890765,1,8,9.370797,67.478226
5.962040439819708,4.695188157994846,10,8,1585.453901,2040.297386
3.857205781068903,2.059980368222617,1,2,0.206165,14.508554
8.551309523412321,3.9299398383079565,3,9,438.874981,687.130594
1.167652642628621,3.9698671756670874,3,4,0.363261,6.045402
3.521768709170646,3.168249386206411,7,3,3.431517,71.634234
4.400013387690925,3.127093059033312,4,8,85.164237,162.140418
0.2212743201305649,0.5509916030107,6,1,0.002525,0.185306
5.55890717120457,2.6385967086820736,6,4,11.903837,155.324714
0.893759496267162,4.074879517854168,2,7,0.749077,3.353578
7.843196991057594,1.912817369547367,7,2,10.598245,271.428106
9.387418460114848,4.421428078008015,5,3,20.910389,429.74465
9.399568087444196,1.6076153615151079,3,5,9.846061,181.631626
1.9465013914454539,3.551626635699642,6,7,15.628357,43.04329
1.5168993308922467,3.774510322374981,4,2,0.597765,13.103418
5.601437428170775,0.9023751081240874,5,1,0.878813,53.90729
5.0340496075051355,2.857883837526214,9,1,33.361893,321.126426
2.0331116278581214,1.7240517836978557,9,5,2.637109,25.666858
3.5962154012473637,4.730041565343605,3,4,4.147125,53.952762
7.944876373282278,0.9099914864164456,2,3,0.718821,59.117706
8.965144030651365,0.8164052926854999,4,5,6.505493,159.093914
7.536771465704249,1.0154248763347689,8,7,59.285029,316.615186
7.506254237175113,4.395062864454777,9,8,1823.740877,2446.293914
3.247393873590237,4.644088887468264,9,6,90.328821,220.84281
4.832918527883357,3.912508829920601,8,5,44.053861,236.805418
5.7534481704669735,1.294960726614593,5,5,6.025237,97.35481
8.19966837123411,3.666851729031052,4,4,22.174845,290.22609
0.8537413256982556,0.8763449062916814,1,10,0.221261,1.074098
4.7397831871790315,2.293679927507261,2,2,0.753733,35.595946
9.094612057252771,1.7457092817685655,5,5,21.564629,285.986234
6.436041050354076,2.9928424090857986,8,8,547.916389,856.741666
9.04820744259478,0.8825773491598585,6,1,2.627029,151.52617
0.24001035000916462,1.964420680182379,6,6,0.092589,0.725322
3.388223647654518,0.8977589307724394,9,3,0.881125,34.805866
7.980781827784141,2.769904984935159,1,4,1.947373,68.558506
2.3232374161917035,0.7655180013670817,7,9,12.092813,32.574602
9.546649280153714,2.9330662540283354,2,5,12.253237,192.131482
0.5165787065504621,3.400602504849065,6,7,1.009509,3.533466
9.50685668552974,3.8936987091441813,6,1,116.856181,1121.05945
6.698686678954578,3.9062313756854934,1,7,14.091541,79.516138
0.7954030069297908,0.9498329903014382,10,7,1.005277,6.15829
7.138864413907967,1.7810873127428022,10,8,420.243925,770.402938
1.143342041024352,0.5564624099716964,9,9,2.951661,10.341714
8.265992826148523,2.3918356262994402,6,2,13.074293,308.489786
1.867331135430451,3.181025319370879,4,10,32.031077,46.186634
3.2229416195661065,1.313205889752374,9,8,44.725461,104.79597
7.350268578305117,3.6825563419963903,7,8,805.878781,1212.00445
8.714954145314344,2.410077427711833,1,8,31.399317,114.382674
8.244239303445525,2.671240508909828,7,1,49.818189,624.071706
3.925189792137943,4.612090405295391,7,8,342.868021,483.581194
5.661763348078227,1.6204532710203348,2,1,1.059317,51.293114
1.5483029756679894,1.1979920334545322,2,3,0.042245,3.025082
0.9629262669971973,4.0941758831849855,7,10,34.009413,41.803098
9.93721603238002,0.5689936462120622,9,9,221.013597,646.842954
1.6598525413939946,2.5413246787765775,5,7,5.109733,18.530122
9.21830392887836,0.5288372595991438,8,9,148.455413,473.89865
9.79410990144287,3.1573896927761966,3,6,65.497925,372.084794
1.624956265946353,2.8414496051526843,9,7,15.032045,39.389738
2.901498246095538,2.264460323286215,8,5,6.558285,57.92025
7.368935778496705,4.046949363180629,2,6,28.285029,171.381642
5.128920736482163,3.558465315091882,10,3,14.303525,208.503194
6.830358350419522,0.8354787972670488,3,1,0.528901,45.765706
7.965874390637992,4.397706334922198,5,3,15.249509,315.074186
6.535675454778968,4.189741056298969,6,3,13.404725,251.285258
0.9568164362678176,4.031724415677143,1,5,0.089085,1.675866
0.9625494221805767,2.8223850865452516,8,3,0.285557,6.101402
0.7851946406046777,1.3581063150120594,10,3,0.153429,4.557594
7.171574565635334,1.903525854064792,2,5,4.167621,85.90545
8.740481232363045,4.328169820582309,9,10,4855.977893,5578.304714
6.447250175356327,2.2415747380901343,2,9,60.233757,132.862218
7.19805901692483,1.7953641526620556,3,6,15.815181,137.732586
8.872222827043512,2.607685033307772,1,2,1.343373,83.503866
3.0278682189607826,3.267727889139386,6,9,132.221725,184.95421
2.274083567412212,1.7510559305935127,9,10,73.363549,106.494826
9.77812497312098,2.893271062468588,3,2,8.001069,256.294746
1.0903551013861932,4.75061979801786,4,5,1.065677,7.482554
5.062815960597511,4.766327761178516,7,7,230.302373,477.299282
5.941990531749573,2.2929123685900494,7,8,239.289909,442.68129
7.32790574501932,4.405976117386351,5,6,146.114269,500.393962
2.4525112920965713,1.232370836452386,8,7,8.050229,36.670346
6.702139825772123,1.8244768545154186,7,3,5.206133,159.121418
8.748252005187243,3.3096281968568295,9,1,139.733317,1146.893674
9.576720264032062,3.598620624432124,5,9,1125.316477,1595.843938
4.761422549884095,1.7254582601859343,9,1,8.659925,149.250026
9.767226175483856,2.588588214487452,6,10,1229.913597,1690.69209
1.2044645986048788,4.1953159201789845,8,3,0.901989,14.09505
1.3448362517410533,3.6297389557501445,7,1,2.602005,24.72897
6.0464097459710455,3.0836916401017316,2,10,107.747813,180.312698
3.4697134678540125,0.6636152768981536,5,3,0.302149,18.758122
8.186223137792055,2.701347569864315,6,4,26.956285,341.653162
3.3664470961937387,4.02651711650575,5,8,109.450221,175.079586
8.25412561094371,4.2355378117091185,6,5,90.758485,566.18809
9.500809499343452,3.4491903561752713,2,5,15.140677,214.220122
1.7416498056693046,3.4907584318079063,8,4,2.852157,24.070842
1.9128871467257558,0.603372888706245,1,4,0.034845,2.584698
9.423543917077808,4.1153709543561625,7,6,390.827261,1153.722458
7.527131974260637,0.9282621213250879,10,3,5.502053,200.777114
7.61529873425065,1.871292461799778,10,3,12.743277,300.007098
8.634476098694927,2.162643428865289,1,1,1.701181,91.585738
8.029248738187762,1.647806827606616,5,1,8.372661,231.242442
3.4027480083216237,3.98969962256367,5,7,42.762333,113.48217
6.129191288295814,1.8989802993279803,3,1,2.940373,97.360042
2.642221998740334,4.7107992592500825,9,2,9.555509,92.958026
3.911165746612168,3.399064008654745,5,5,10.107685,87.167626
5.91059786681452,4.873404777829927,1,8,35.657205,91.366122
6.801551855797015,1.2677361558500397,4,1,2.229317,96.022346
5.755288212469436,4.07486630157699,6,1,44.524821,411.821754
3.303664445686212,2.248843075018206,3,9,28.539293,56.837882
7.22170248957372,3.2231400770076912,5,5,32.257301,282.461546
5.9996660490217,1.9956904464983376,3,7,21.534829,112.612066
6.77775544537406,2.20851243366013,9,2,14.499309,275.098986
4.04078454065949,2.2502936927725905,1,2,0.237621,15.780234
1.1441884225669934,1.6772142627043118,7,3,0.198741,6.38913
0.6730597884302312,3.7671436683327015,6,4,0.320197,3.328426
9.905304456364439,1.9717236785237073,6,2,13.550245,374.586922
9.18123753074243,0.5593371213103874,10,1,1.366365,125.799594
1.8483386693455819,3.9620222331834216,1,1,0.260333,8.989898
3.078219423532874,1.72173699223639,3,1,0.603613,22.063834
7.2660893025576785,1.0332300976436988,4,10,101.843853,230.171874
5.692853316193086,0.5029500444891557,3,2,0.280989,28.88457
9.731202147276136,4.756850959194962,9,10,7139.918853,8092.838514
3.3463885395939235,0.7821333906997437,6,9,20.186141,56.300882
6.47059819802498,3.1046399492102204,2,3,1.471333,67.896154
5.9711525900624425,1.1628262125298252,2,2,0.524341,37.60849
3.555604634590189,3.4514353518097822,10,6,78.465989,218.892554
3.28352022691399,3.526571082174119,10,5,26.531469,136.913226
9.95773799649189,3.5146701295985636,1,6,15.976077,151.96329
0.5103202969798708,4.079374810914475,4,3,0.073357,1.86817
8.762599918375594,2.2052929547712035,8,9,943.644085,1407.33025
1.1368516712091403,4.781544633281975,3,1,0.992421,13.857354
1.863328893791467,4.080284992675134,5,4,2.040181,22.647898
5.767491033039366,4.444969542894402,10,10,2676.711037,3033.28513
7.95462383379123,4.938790282263293,9,4,146.339253,826.664778
7.642604896406245,3.13516854818945,2,4,5.234245,117.545722
2.4914010328804945,3.0953319746036976,6,8,53.300909,88.467866
4.560362612386364,1.922810086723379,8,2,4.573333,106.41073
1.4118837179782917,3.3232581885376353,7,9,38.892981,51.851898
9.10577876071685,4.034063079965625,9,4,132.877253,873.65057
8.232168588270007,2.6873853786814488,2,10,165.815821,292.795642
3.9137757882552706,2.560346013650272,1,4,0.433005,16.392858
9.850099628115968,3.450219247753865,4,5,46.554933,443.200938
1.69399395244995,0.506001996631398,10,2,0.111733,6.740986
2.21040408410569,0.8564433491839112,2,2,0.058549,4.971226
1.6248643867573906,3.398914183200767,2,3,0.120965,5.316794
5.336800442286257,3.864993296339309,6,3,7.592725,151.805386
9.746326602463665,2.258081744669102,3,7,66.572525,318.360002
2.7473880985937464,0.6617188343815761,4,9,6.548309,22.444466
8.130709595863358,1.2526604629037466,4,5,8.329029,154.30881
0.366671527361919,3.00513739121542,10,7,0.896541,2.280762
6.496498011662548,2.8222846792477916,6,9,474.816157,692.996098
1.0409251205569188,3.693265569530988,5,5,0.809645,6.510938
6.555352452287205,1.8101782012921683,5,5,11.657149,155.763754
2.464250906859932,1.2652646275715824,5,2,0.293981,13.086458
9.946675047116647,3.1992233849930996,7,8,1163.660997,1848.22521
0.6163985687765308,4.454599198742343,3,2,0.086917,2.084458
6.727297485040239,2.229255717076946,3,5,7.548829,112.927498
6.98352523699795,2.125127414741911,8,9,568.563445,861.89833
2.3571057475247517,3.0470519814829853,1,10,6.278549,12.761018
8.919818391425919,3.1962257645011074,9,5,135.067525,799.667866
3.539451775866217,4.65675603049752,7,4,16.344501,121.787178
6.971662438003908,3.4194049088537835,8,7,315.011045,742.122506
4.536507582855329,3.7339625295869867,6,10,485.854293,611.319714
3.2437975587555496,4.123848209544507,7,10,389.060389,468.113074
2.8719694907273814,3.2726685315475796,8,2,4.905517,71.949466
7.883008009404048,1.5224903146399564,8,10,575.820133,895.940818
2.9339165615238567,2.3766891374072525,7,7,24.503909,79.200074
8.554951014072833,1.075182069849889,7,6,40.013533,324.512026
8.328105073990871,1.8713169001241485,7,2,11.099525,289.535738
3.490776531521492,2.8790607865075915,1,8,6.320909,20.641394
9.482400887156151,4.509670632671067,10,10,7493.753045,8459.251202
2.4370144671827365,4.726760674373563,2,1,1.482765,27.941946
2.3239747834416153,2.129191109630564,3,1,0.574461,17.217786
0.9740620620123794,2.2706776960872603,9,2,0.354253,6.917242
0.9917688463138465,2.7164739818259083,1,9,0.756341,2.103722
0.5570479372647551,4.926178971135828,3,7,0.748389,2.54973
7.297680226928731,3.795426729611955,10,1,166.380021,1097.363946
4.792277736198,2.2791219320214786,8,4,11.506805,132.019322
0.1626335407720118,3.6433529467728203,1,1,0.008365,0.28585
7.190430129796783,4.587364860038205,6,4,49.773221,409.33673
3.7353249205152252,2.0813488002269933,9,4,7.216901,84.517562
4.566627915388707,4.254567668066148,1,6,4.344149,37.25561
2.7829049506441472,2.335271996869296,4,1,1.479429,32.69697
0.6732588943312744,3.944011466806103,8,7,3.728413,8.508106
0.5885540100556144,0.860736457180437,1,7,0.028981,0.50425
0.3069857613463305,2.204583582320089,7,2,0.028869,0.720762
8.310206636590662,1.9204121130146121,1,4,1.430757,62.21673
6.86114124878261,1.8341392812755957,2,5,3.636621,76.713114
4.363616669066539,3.7812831270449054,7,4,17.112957,145.69209
2.6727731397840144,1.802656163262585,5,5,1.956877,25.968682
2.6695693374398077,4.495399382873818,6,10,230.821317,279.176154
6.919794864950426,3.438013110350657,1,8,30.734789,94.050962
1.41843358493461,1.5213345899244937,4,10,6.403597,12.089746
8.266763818210132,1.0272224600751862,7,3,4.202477,180.364442
2.1314575319083535,3.8656788127197155,5,2,1.326661,24.311338
8.764040726390464,3.9209311789054944,6,5,89.287765,582.534826
6.387055773556539,2.6639837990014223,6,10,551.424037,751.606498
9.144081278810747,3.9377958747671156,6,1,103.966789,989.39785
7.005828836370096,3.288474040243945,1,4,1.827997,57.79897
8.331157967152956,4.694229374595353,4,5,53.736869,404.16521
5.551805246092311,4.321606805473889,7,3,13.332949,217.595962
4.987172040311395,4.840055299836985,2,10,142.368613,206.316754
7.258209157813534,3.196268380951115,5,2,12.402397,260.120458
4.5192520224514405,1.2312469674751343,8,10,138.890845,239.569018
3.187504138462068,4.615276500040984,10,4,25.422701,147.527162
5.535650106311648,2.5999489999381806,7,1,21.693933,280.686618
3.34620710993788,4.508061113666787,2,3,0.657861,24.525546
4.315899229613413,1.8904449859387982,9,1,9.367381,144.281338
9.834125486306753,1.4424424902602555,2,3,1.615157,109.163114
2.9062945176283077,0.9607650045486954,2,10,6.203621,18.122474
2.699077620028849,2.9661326653719957,4,3,0.680533,21.773386
4.062171392208994,4.585006878201435,8,10,926.427509,1071.185882
2.6716891224242243,2.2005728592683624,8,8,56.665589,102.496202
9.95397547040926,2.8528851732655585,8,3,27.121005,551.783754
6.817404094775141,4.612694954551537,3,10,475.490613,637.315266
4.522026235623863,3.169305104245911,5,4,7.855717,101.103898
4.367375201390362,2.948518486537513,8,9,381.110989,515.98945
4.837448532382512,2.984341844928206,2,6,8.032925,61.359386
1.8159922072752335,1.4858470825220824,1,6,0.214293,3.223386
7.712239136772354,0.8200157538981117,9,8,131.638525,404.903962
0.7788461144624786,1.7014116821662442,8,5,0.404517,5.17209
4.797072092980521,1.6446855593927852,10,5,16.578413,150.554858
1.9114075538594804,2.204113125078818,5,1,1.039157,21.093866
0.10944458820489411,3.9851207225653527,4,9,0.203469,0.590514
2.2967419960517392,0.8757903537897758,4,5,0.484077,11.490522
0.19526775477942027,0.6522773989373561,6,4,0.010917,0.35433
8.55554821197435,4.598790212953813,10,5,272.623405,1154.544778
4.052505836366512,4.551583044109152,2,7,17.109077,64.768058
0.3404898016900294,4.988151207475285,1,6,0.035061,0.327834
9.592410889270417,2.84674496093497,6,6,165.661957,698.652874
6.497751769237589,0.8894258359949061,8,2,2.430469,107.739226
0.406625387531677,1.9675082302660127,3,4,0.033589,0.95785
3.719713428855684,0.5595853354574609,1,1,0.036445,6.15481
3.6251332980648083,2.721283774346669,6,2,3.202029,68.28057
2.959441154920542,0.9832234401394695,7,8,17.145549,53.079282
8.47458846234963,4.441118645782848,5,10,1643.202605,2036.622098
6.8498632837543445,4.76909511580508,4,9,624.869765,861.79229
2.094951847131605,3.9091331320711467,7,1,6.824413,59.768458
2.5154793080942657,3.5970894303291976,7,8,90.346005,140.739834
8.169144910234765,0.5538499009946641,1,9,9.622901,60.981458
3.522405618324144,3.6356509502519563,3,5,4.119477,46.373562
8.942083782981411,0.8533235221532925,6,2,3.023269,162.30985
3.9467316714799683,3.537110479393607,9,1,34.699237,268.904266
9.848168197399408,1.9288146650463296,4,10,418.378317,707.304186
1.5113420639353667,0.6866894671896746,9,6,1.104373,12.271354
9.068701665416109,1.1864640539765032,6,7,68.281181,364.261274
1.3052313333153713,3.325540504491922,4,8,8.296485,16.208874
8.442283885536309,2.560111883276,5,2,10.937245,276.489178
6.543339017840032,4.4448402797213244,2,3,2.540389,94.725322
4.942175787777549,2.4155323472535573,7,10,370.099181,506.433386
5.228330423211195,1.1885732863190674,10,6,30.228461,187.493306
5.133149477569332,2.95164979185007,1,6,3.495941,36.015098
7.06940919379204,1.9471510936706733,8,2,10.501765,241.219258
6.100560147823361,4.734017758343956,7,8,864.946101,1196.781858
9.718879640120798,4.455985750119929,3,8,452.513029,814.24285
3.1370869283711964,2.780397144480078,9,7,56.217933,138.668658
6.495118799483836,4.905783137298245,10,1,218.785093,1138.686682
1.5251398154615265,0.7467246655629975,10,10,12.064357,25.779058
0.28010435795192645,4.419534416862453,9,10,5.580493,6.792826
1.5837618318656743,3.545883837548149,1,9,2.627181,6.309114
6.9763065323480395,4.1150811957355025,9,2,50.536733,545.015066
4.548530625328383,4.543265080841754,2,4,3.128773,55.943962
7.981199744300717,2.6368997954705913,7,8,543.594181,935.718394
0.5834854719165607,2.1308562393381947,7,3,0.071317,2.072362
